Effective Date,Rate Type,Rate (%),1st Percentile (%),25th Percentile (%),75th Percentile (%),99th Percentile (%),Volume ($Billions),Target Rate From (%),Target Rate To (%),Intra Day - Low (%),Intra Day - High (%),Standard Deviation (%),30-Day Average SOFR,90-Day Average SOFR,180-Day Average SOFR,SOFR Index,Revision Indicator (Y/N),Footnote ID
08/03/2026,EFFR,3.63,3.6,3.62,3.63,3.68,111,3.5,3.75,,,,,,,,,
08/03/2026,OBFR,3.63,3.55,3.62,3.63,3.69,222,,,,,,,,,,,
08/03/2026,TGCR,3.63,3.55,3.63,3.63,3.67,1222,,,,,,,,,,,
08/03/2026,BGCR,3.63,3.55,3.63,3.63,3.69,1247,,,,,,,,,,,
08/03/2026,SOFR,3.65,3.61,3.63,3.7,3.73,3055,,,,,,,,,,,
07/31/2026,EFFR,3.63,3.6,3.62,3.64,3.69,108,3.5,3.75,,,,,,,,,
07/31/2026,OBFR,3.63,3.5,3.62,3.63,3.7,222,,,,,,,,,,,
07/31/2026,TGCR,3.64,3.55,3.64,3.65,3.67,1223,,,,,,,,,,,
07/31/2026,BGCR,3.64,3.55,3.64,3.65,3.71,1261,,,,,,,,,,,
07/31/2026,SOFR,3.66,3.6,3.64,3.72,3.75,3205,,,,,,,,,,,
07/30/2026,EFFR,3.63,3.6,3.62,3.63,3.68,121,3.5,3.75,,,,,,,,,
07/30/2026,OBFR,3.63,3.55,3.62,3.63,3.7,233,,,,,,,,,,,
07/30/2026,TGCR,3.63,3.58,3.63,3.64,3.66,1204,,,,,,,,,,,
07/30/2026,BGCR,3.63,3.58,3.63,3.64,3.69,1237,,,,,,,,,,,
07/30/2026,SOFR,3.65,3.6,3.63,3.7,3.73,3011,,,,,,,,,,,
07/29/2026,EFFR,3.63,3.6,3.62,3.63,3.69,101,3.5,3.75,,,,,,,,,
07/29/2026,OBFR,3.63,3.55,3.62,3.63,3.7,224,,,,,,,,,,,
07/29/2026,TGCR,3.64,3.56,3.64,3.64,3.66,1226,,,,,,,,,,,
07/29/2026,BGCR,3.64,3.56,3.64,3.64,3.69,1263,,,,,,,,,,,
07/29/2026,SOFR,3.65,3.6,3.64,3.7,3.74,3032,,,,,,,,,,,
07/28/2026,EFFR,3.63,3.6,3.62,3.63,3.68,106,3.5,3.75,,,,,,,,,
07/28/2026,OBFR,3.63,3.55,3.62,3.63,3.7,230,,,,,,,,,,,
07/28/2026,TGCR,3.64,3.56,3.64,3.65,3.66,1202,,,,,,,,,,,
07/28/2026,BGCR,3.64,3.56,3.64,3.65,3.71,1234,,,,,,,,,,,
07/28/2026,SOFR,3.65,3.6,3.64,3.71,3.74,2977,,,,,,,,,,,
07/27/2026,EFFR,3.63,3.6,3.62,3.63,3.69,104,3.5,3.75,,,,,,,,,
07/27/2026,OBFR,3.63,3.55,3.62,3.63,3.69,234,,,,,,,,,,,
07/27/2026,TGCR,3.62,3.55,3.62,3.62,3.65,1201,,,,,,,,,,,
07/27/2026,BGCR,3.62,3.55,3.62,3.62,3.67,1231,,,,,,,,,,,
07/27/2026,SOFR,3.64,3.59,3.62,3.68,3.72,2953,,,,,,,,,,,
07/24/2026,EFFR,3.63,3.6,3.62,3.63,3.68,106,3.5,3.75,,,,,,,,,
07/24/2026,OBFR,3.63,3.53,3.62,3.63,3.68,242,,,,,,,,,,,
07/24/2026,TGCR,3.62,3.55,3.62,3.62,3.65,1208,,,,,,,,,,,
07/24/2026,BGCR,3.62,3.55,3.62,3.62,3.67,1240,,,,,,,,,,,
07/24/2026,SOFR,3.64,3.59,3.62,3.69,3.72,2979,,,,,,,,,,,
07/23/2026,EFFR,3.63,3.6,3.62,3.63,3.67,104,3.5,3.75,,,,,,,,,
07/23/2026,OBFR,3.63,3.53,3.62,3.63,3.68,256,,,,,,,,,,,
07/23/2026,TGCR,3.62,3.55,3.62,3.62,3.65,1206,,,,,,,,,,,
07/23/2026,BGCR,3.62,3.55,3.62,3.62,3.67,1243,,,,,,,,,,,
07/23/2026,SOFR,3.64,3.58,3.62,3.7,3.72,2971,,,,,,,,,,,
07/22/2026,EFFR,3.63,3.6,3.62,3.63,3.66,102,3.5,3.75,,,,,,,,,
07/22/2026,OBFR,3.63,3.55,3.62,3.63,3.68,249,,,,,,,,,,,
07/22/2026,TGCR,3.6,3.55,3.6,3.6,3.63,1219,,,,,,,,,,,
07/22/2026,BGCR,3.6,3.55,3.6,3.6,3.66,1258,,,,,,,,,,,
07/22/2026,SOFR,3.62,3.56,3.6,3.67,3.7,3026,,,,,,,,,,,
07/21/2026,EFFR,3.63,3.6,3.62,3.63,3.66,106,3.5,3.75,,,,,,,,,
07/21/2026,OBFR,3.63,3.55,3.62,3.63,3.68,250,,,,,,,,,,,
07/21/2026,TGCR,3.58,3.52,3.58,3.59,3.63,1218,,,,,,,,,,,
07/21/2026,BGCR,3.58,3.52,3.58,3.59,3.66,1248,,,,,,,,,,,
07/21/2026,SOFR,3.61,3.56,3.58,3.66,3.69,2975,,,,,,,,,,,
07/20/2026,EFFR,3.63,3.6,3.62,3.63,3.68,106,3.5,3.75,,,,,,,,,
07/20/2026,OBFR,3.62,3.55,3.62,3.63,3.68,252,,,,,,,,,,,
07/20/2026,TGCR,3.54,3.5,3.54,3.55,3.61,1243,,,,,,,,,,,
07/20/2026,BGCR,3.54,3.5,3.54,3.55,3.63,1265,,,,,,,,,,,
07/20/2026,SOFR,3.57,3.54,3.54,3.62,3.66,3012,,,,,,,,,,,
07/17/2026,EFFR,3.63,3.6,3.62,3.63,3.68,111,3.5,3.75,,,,,,,,,
07/17/2026,OBFR,3.62,3.5,3.62,3.63,3.69,258,,,,,,,,,,,
07/17/2026,TGCR,3.56,3.53,3.56,3.56,3.63,1248,,,,,,,,,,,
07/17/2026,BGCR,3.56,3.53,3.56,3.57,3.63,1272,,,,,,,,,,,
07/17/2026,SOFR,3.59,3.55,3.56,3.64,3.67,3030,,,,,,,,,,,
07/16/2026,EFFR,3.63,3.6,3.62,3.63,3.65,113,3.5,3.75,,,,,,,,,
07/16/2026,OBFR,3.62,3.53,3.62,3.63,3.68,245,,,,,,,,,,,
07/16/2026,TGCR,3.59,3.55,3.59,3.6,3.65,1255,,,,,,,,,,,
07/16/2026,BGCR,3.59,3.55,3.59,3.6,3.66,1281,,,,,,,,,,,
07/16/2026,SOFR,3.62,3.58,3.59,3.67,3.7,3038,,,,,,,,,,,
07/15/2026,EFFR,3.63,3.6,3.62,3.63,3.65,109,3.5,3.75,,,,,,,,,
07/15/2026,OBFR,3.63,3.55,3.62,3.63,3.68,250,,,,,,,,,,,
07/15/2026,TGCR,3.62,3.54,3.62,3.63,3.64,1276,,,,,,,,,,,
07/15/2026,BGCR,3.62,3.54,3.62,3.63,3.68,1306,,,,,,,,,,,
07/15/2026,SOFR,3.64,3.58,3.62,3.7,3.73,3104,,,,,,,,,,,
07/14/2026,EFFR,3.63,3.6,3.62,3.63,3.65,111,3.5,3.75,,,,,,,,,
07/14/2026,OBFR,3.63,3.55,3.62,3.63,3.69,245,,,,,,,,,,,
07/14/2026,TGCR,3.62,3.54,3.62,3.62,3.64,1273,,,,,,,,,,,
07/14/2026,BGCR,3.62,3.53,3.62,3.62,3.68,1316,,,,,,,,,,,
07/14/2026,SOFR,3.63,3.55,3.62,3.69,3.72,3092,,,,,,,,,,,
07/13/2026,EFFR,3.62,3.6,3.62,3.63,3.64,112,3.5,3.75,,,,,,,,,
07/13/2026,OBFR,3.62,3.55,3.62,3.63,3.68,267,,,,,,,,,,,
07/13/2026,TGCR,3.58,3.5,3.58,3.58,3.62,1277,,,,,,,,,,,
07/13/2026,BGCR,3.58,3.5,3.58,3.58,3.66,1313,,,,,,,,,,,
07/13/2026,SOFR,3.6,3.55,3.58,3.65,3.69,3096,,,,,,,,,,,
07/10/2026,EFFR,3.62,3.6,3.62,3.63,3.64,126,3.5,3.75,,,,,,,,,
07/10/2026,OBFR,3.62,3.55,3.61,3.62,3.68,272,,,,,,,,,,,
07/10/2026,TGCR,3.52,3.48,3.52,3.52,3.6,1277,,,,,,,,,,,
07/10/2026,BGCR,3.52,3.48,3.52,3.52,3.62,1307,,,,,,,,,,,
07/10/2026,SOFR,3.55,3.51,3.52,3.6,3.67,3056,,,,,,,,,,,
07/09/2026,EFFR,3.62,3.6,3.62,3.63,3.64,126,3.5,3.75,,,,,,,,,
07/09/2026,OBFR,3.62,3.53,3.61,3.62,3.68,276,,,,,,,,,,,
07/09/2026,TGCR,3.51,3.5,3.51,3.51,3.6,1281,,,,,,,,,,,
07/09/2026,BGCR,3.51,3.5,3.51,3.51,3.61,1313,,,,,,,,,,,
07/09/2026,SOFR,3.53,3.5,3.51,3.57,3.65,3126,,,,,,,,,,,
07/08/2026,EFFR,3.62,3.6,3.62,3.63,3.65,131,3.5,3.75,,,,,,,,,
07/08/2026,OBFR,3.62,3.55,3.62,3.63,3.68,266,,,,,,,,,,,
07/08/2026,TGCR,3.57,3.52,3.57,3.57,3.63,1279,,,,,,,,,,,
07/08/2026,BGCR,3.57,3.52,3.57,3.57,3.63,1319,,,,,,,,,,,
07/08/2026,SOFR,3.58,3.55,3.57,3.64,3.67,3158,,,,,,,,,,,
07/07/2026,EFFR,3.63,3.6,3.62,3.63,3.64,117,3.5,3.75,,,,,,,,,
07/07/2026,OBFR,3.62,3.55,3.62,3.63,3.68,253,,,,,,,,,,,
07/07/2026,TGCR,3.6,3.53,3.6,3.6,3.64,1278,,,,,,,,,,,
07/07/2026,BGCR,3.6,3.5,3.6,3.6,3.67,1325,,,,,,,,,,,
07/07/2026,SOFR,3.62,3.58,3.6,3.67,3.71,3154,,,,,,,,,,,
07/06/2026,EFFR,3.63,3.6,3.62,3.63,3.65,117,3.5,3.75,,,,,,,,,
07/06/2026,OBFR,3.62,3.55,3.62,3.63,3.69,249,,,,,,,,,,,
07/06/2026,TGCR,3.61,3.5,3.61,3.61,3.65,1264,,,,,,,,,,,
07/06/2026,BGCR,3.61,3.5,3.61,3.61,3.68,1310,,,,,,,,,,,
07/06/2026,SOFR,3.63,3.58,3.61,3.68,3.71,3212,,,,,,,,,,,
07/03/2026,EFFR,3.63,3.6,3.62,3.63,3.65,121,3.5,3.75,,,,,,,,,
07/03/2026,OBFR,3.63,3.53,3.62,3.63,3.68,142,,,,,,,,,,,
07/02/2026,EFFR,3.63,3.6,3.62,3.63,3.65,121,3.5,3.75,,,,,,,,,
07/02/2026,OBFR,3.63,3.53,3.62,3.63,3.68,142,,,,,,,,,,,
07/02/2026,TGCR,3.62,3.55,3.62,3.62,3.67,1256,,,,,,,,,,,
07/02/2026,BGCR,3.62,3.55,3.62,3.62,3.68,1296,,,,,,,,,,,
07/02/2026,SOFR,3.64,3.6,3.62,3.7,3.72,3208,,,,,,,,,,,
07/01/2026,EFFR,3.63,3.6,3.62,3.63,3.65,119,3.5,3.75,,,,,,,,,
07/01/2026,OBFR,3.63,3.53,3.62,3.63,3.68,226,,,,,,,,,,,
07/01/2026,TGCR,3.63,3.58,3.63,3.63,3.69,1248,,,,,,,,,,,
07/01/2026,BGCR,3.63,3.58,3.63,3.63,3.71,1299,,,,,,,,,,,
07/01/2026,SOFR,3.66,3.61,3.63,3.71,3.73,3321,,,,,,,,,,,
06/30/2026,EFFR,3.63,3.6,3.62,3.63,3.7,98,3.5,3.75,,,,,,,,,
06/30/2026,OBFR,3.63,3.53,3.62,3.63,3.7,173,,,,,,,,,,,
06/30/2026,TGCR,3.64,3.54,3.64,3.64,3.66,1245,,,,,,,,,,,
06/30/2026,BGCR,3.64,3.55,3.64,3.65,3.76,1288,,,,,,,,,,,
06/30/2026,SOFR,3.68,3.61,3.64,3.73,3.8,3418,,,,,,,,,,,
06/29/2026,EFFR,3.63,3.6,3.62,3.63,3.68,123,3.5,3.75,,,,,,,,,
06/29/2026,OBFR,3.62,3.53,3.62,3.63,3.68,255,,,,,,,,,,,
06/29/2026,TGCR,3.6,3.55,3.6,3.61,3.63,1232,,,,,,,,,,,
06/29/2026,BGCR,3.6,3.55,3.6,3.61,3.67,1276,,,,,,,,,,,
06/29/2026,SOFR,3.62,3.58,3.6,3.68,3.71,3126,,,,,,,,,,,
06/26/2026,EFFR,3.63,3.6,3.62,3.63,3.66,120,3.5,3.75,,,,,,,,,
06/26/2026,OBFR,3.62,3.54,3.62,3.63,3.68,242,,,,,,,,,,,
06/26/2026,TGCR,3.6,3.54,3.6,3.6,3.65,1256,,,,,,,,,,,
06/26/2026,BGCR,3.6,3.54,3.6,3.6,3.66,1285,,,,,,,,,,,
06/26/2026,SOFR,3.62,3.58,3.6,3.67,3.7,3171,,,,,,,,,,,
06/25/2026,EFFR,3.63,3.6,3.62,3.63,3.68,120,3.5,3.75,,,,,,,,,
06/25/2026,OBFR,3.62,3.53,3.62,3.63,3.68,258,,,,,,,,,,,
06/25/2026,TGCR,3.62,3.55,3.62,3.62,3.64,1259,,,,,,,,,,,
06/25/2026,BGCR,3.62,3.55,3.62,3.62,3.66,1285,,,,,,,,,,,
06/25/2026,SOFR,3.64,3.58,3.62,3.69,3.74,3145,,,,,,,,,,,
06/24/2026,EFFR,3.63,3.6,3.62,3.63,3.68,113,3.5,3.75,,,,,,,,,
06/24/2026,OBFR,3.63,3.55,3.62,3.63,3.7,228,,,,,,,,,,,
06/24/2026,TGCR,3.61,3.52,3.61,3.61,3.63,1242,,,,,,,,,,,
06/24/2026,BGCR,3.61,3.52,3.61,3.61,3.66,1284,,,,,,,,,,,
06/24/2026,SOFR,3.62,3.57,3.61,3.68,3.71,3116,,,,,,,,,,,
06/23/2026,EFFR,3.63,3.6,3.62,3.63,3.69,109,3.5,3.75,,,,,,,,,
06/23/2026,OBFR,3.62,3.55,3.62,3.63,3.7,243,,,,,,,,,,,
06/23/2026,TGCR,3.6,3.5,3.6,3.6,3.63,1251,,,,,,,,,,,
06/23/2026,BGCR,3.6,3.5,3.6,3.6,3.66,1294,,,,,,,,,,,
06/23/2026,SOFR,3.62,3.55,3.6,3.67,3.7,3105,,,,,,,,,,,
06/22/2026,EFFR,3.63,3.6,3.62,3.63,3.69,115,3.5,3.75,,,,,,,,,
06/22/2026,OBFR,3.62,3.55,3.62,3.63,3.68,246,,,,,,,,,,,
06/22/2026,TGCR,3.59,3.5,3.59,3.6,3.64,1259,,,,,,,,,,,
06/22/2026,BGCR,3.59,3.5,3.59,3.6,3.66,1282,,,,,,,,,,,
06/22/2026,SOFR,3.61,3.57,3.59,3.67,3.69,3073,,,,,,,,,,,
06/18/2026,EFFR,3.63,3.6,3.62,3.63,3.68,115,3.5,3.75,,,,,,,,,
06/18/2026,OBFR,3.62,3.5,3.62,3.63,3.68,228,,,,,,,,,,,
06/18/2026,TGCR,3.6,3.55,3.6,3.6,3.65,1282,,,,,,,,,,,
06/18/2026,BGCR,3.6,3.55,3.6,3.6,3.67,1303,,,,,,,,,,,
06/18/2026,SOFR,3.62,3.58,3.6,3.67,3.7,3148,,,,,,,,,,,
06/17/2026,EFFR,3.63,3.6,3.62,3.63,3.7,107,3.5,3.75,,,,,,,,,
06/17/2026,OBFR,3.63,3.53,3.62,3.63,3.69,222,,,,,,,,,,,
06/17/2026,TGCR,3.61,3.55,3.6,3.61,3.65,1276,,,,,,,,,,,
06/17/2026,BGCR,3.61,3.55,3.6,3.61,3.66,1303,,,,,,,,,,,
06/17/2026,SOFR,3.63,3.59,3.61,3.68,3.71,3114,,,,,,,,,,,
06/16/2026,EFFR,3.63,3.6,3.62,3.63,3.7,106,3.5,3.75,,,,,,,,,
06/16/2026,OBFR,3.63,3.53,3.62,3.63,3.69,212,,,,,,,,,,,
06/16/2026,TGCR,3.61,3.55,3.61,3.61,3.7,1276,,,,,,,,,,,
06/16/2026,BGCR,3.61,3.55,3.61,3.61,3.7,1297,,,,,,,,,,,
06/16/2026,SOFR,3.63,3.6,3.61,3.69,3.72,3137,,,,,,,,,,,
06/15/2026,EFFR,3.63,3.6,3.62,3.63,3.7,102,3.5,3.75,,,,,,,,,
06/15/2026,OBFR,3.63,3.55,3.62,3.63,3.7,196,,,,,,,,,,,
06/15/2026,TGCR,3.67,3.58,3.67,3.67,3.69,1267,,,,,,,,,,,
06/15/2026,BGCR,3.67,3.58,3.67,3.67,3.71,1297,,,,,,,,,,,
06/15/2026,SOFR,3.69,3.62,3.67,3.74,3.78,3147,,,,,,,,,,,
06/12/2026,EFFR,3.62,3.6,3.62,3.63,3.7,110,3.5,3.75,,,,,,,,,
06/12/2026,OBFR,3.62,3.5,3.62,3.63,3.69,240,,,,,,,,,,,
06/12/2026,TGCR,3.63,3.54,3.63,3.64,3.66,1256,,,,,,,,,,,
06/12/2026,BGCR,3.63,3.54,3.63,3.64,3.7,1283,,,,,,,,,,,
06/12/2026,SOFR,3.65,3.59,3.63,3.7,3.74,3059,,,,,,,,,,,
06/11/2026,EFFR,3.62,3.6,3.62,3.63,3.69,106,3.5,3.75,,,,,,,,,
06/11/2026,OBFR,3.62,3.53,3.62,3.63,3.68,247,,,,,,,,,,,
06/11/2026,TGCR,3.58,3.54,3.58,3.59,3.63,1241,,,,,,,,,,,
06/11/2026,BGCR,3.58,3.54,3.58,3.59,3.68,1269,,,,,,,,,,,
06/11/2026,SOFR,3.6,3.57,3.58,3.66,3.7,3061,,,,,,,,,,,
06/10/2026,EFFR,3.62,3.6,3.62,3.63,3.69,106,3.5,3.75,,,,,,,,,
06/10/2026,OBFR,3.62,3.55,3.62,3.63,3.68,239,,,,,,,,,,,
06/10/2026,TGCR,3.57,3.52,3.57,3.57,3.62,1254,,,,,,,,,,,
06/10/2026,BGCR,3.57,3.53,3.57,3.57,3.64,1281,,,,,,,,,,,
06/10/2026,SOFR,3.59,3.55,3.57,3.64,3.67,3023,,,,,,,,,,,
06/09/2026,EFFR,3.62,3.6,3.62,3.63,3.7,106,3.5,3.75,,,,,,,,,
06/09/2026,OBFR,3.62,3.55,3.62,3.63,3.68,239,,,,,,,,,,,
06/09/2026,TGCR,3.59,3.52,3.59,3.59,3.64,1254,,,,,,,,,,,
06/09/2026,BGCR,3.59,3.53,3.59,3.59,3.64,1284,,,,,,,,,,,
06/09/2026,SOFR,3.6,3.56,3.59,3.65,3.69,3063,,,,,,,,,,,
06/08/2026,EFFR,3.62,3.6,3.62,3.63,3.69,108,3.5,3.75,,,,,,,,,
06/08/2026,OBFR,3.62,3.52,3.62,3.63,3.68,233,,,,,,,,,,,
06/08/2026,TGCR,3.61,3.53,3.61,3.61,3.64,1254,,,,,,,,,,,
06/08/2026,BGCR,3.61,3.52,3.61,3.61,3.68,1298,,,,,,,,,,,
06/08/2026,SOFR,3.63,3.57,3.61,3.68,3.71,3115,,,,,,,,,,,
06/05/2026,EFFR,3.62,3.6,3.62,3.63,3.69,117,3.5,3.75,,,,,,,,,
06/05/2026,OBFR,3.62,3.5,3.62,3.63,3.68,254,,,,,,,,,,,
06/05/2026,TGCR,3.61,3.55,3.6,3.61,3.65,1265,,,,,,,,,,,
06/05/2026,BGCR,3.61,3.55,3.6,3.61,3.67,1304,,,,,,,,,,,
06/05/2026,SOFR,3.63,3.58,3.61,3.68,3.71,3131,,,,,,,,,,,
06/04/2026,EFFR,3.62,3.6,3.62,3.63,3.68,121,3.5,3.75,,,,,,,,,
06/04/2026,OBFR,3.62,3.5,3.62,3.63,3.68,252,,,,,,,,,,,
06/04/2026,TGCR,3.59,3.55,3.59,3.59,3.63,1275,,,,,,,,,,,
06/04/2026,BGCR,3.59,3.56,3.59,3.59,3.67,1300,,,,,,,,,,,
06/04/2026,SOFR,3.62,3.58,3.59,3.67,3.7,3147,,,,,,,,,,,
06/03/2026,EFFR,3.62,3.6,3.62,3.63,3.69,119,3.5,3.75,,,,,,,,,
06/03/2026,OBFR,3.62,3.55,3.62,3.63,3.68,250,,,,,,,,,,,
06/03/2026,TGCR,3.59,3.55,3.59,3.59,3.64,1268,,,,,,,,,,,
06/03/2026,BGCR,3.59,3.55,3.59,3.59,3.67,1286,,,,,,,,,,,
06/03/2026,SOFR,3.61,3.58,3.59,3.67,3.7,3098,,,,,,,,,,,
06/02/2026,EFFR,3.62,3.6,3.62,3.63,3.69,133,3.5,3.75,,,,,,,,,
06/02/2026,OBFR,3.62,3.55,3.62,3.63,3.68,257,,,,,,,,,,,
06/02/2026,TGCR,3.6,3.55,3.6,3.61,3.66,1275,,,,,,,,,,,
06/02/2026,BGCR,3.61,3.55,3.6,3.61,3.68,1295,,,,,,,,,,,
06/02/2026,SOFR,3.63,3.59,3.61,3.68,3.71,3148,,,,,,,,,,,
06/01/2026,EFFR,3.62,3.6,3.62,3.63,3.7,123,3.5,3.75,,,,,,,,,
06/01/2026,OBFR,3.62,3.54,3.62,3.63,3.69,241,,,,,,,,,,,
06/01/2026,TGCR,3.63,3.57,3.63,3.64,3.65,1278,,,,,,,,,,,
06/01/2026,BGCR,3.63,3.57,3.63,3.64,3.69,1301,,,,,,,,,,,
06/01/2026,SOFR,3.65,3.6,3.63,3.71,3.74,3224,,,,,,,,,,,
05/29/2026,EFFR,3.62,3.6,3.62,3.63,3.7,109,3.5,3.75,,,,,,,,,
05/29/2026,OBFR,3.62,3.5,3.62,3.63,3.7,234,,,,,,,,,,,
05/29/2026,TGCR,3.61,3.55,3.61,3.62,3.63,1277,,,,,,,,,,,
05/29/2026,BGCR,3.61,3.55,3.61,3.62,3.68,1314,,,,,,,,,,,
05/29/2026,SOFR,3.63,3.58,3.61,3.69,3.72,3201,,,,,,,,,,,
05/28/2026,EFFR,3.62,3.6,3.62,3.63,3.7,106,3.5,3.75,,,,,,,,,
05/28/2026,OBFR,3.62,3.5,3.62,3.63,3.69,247,,,,,,,,,,,
05/28/2026,TGCR,3.6,3.55,3.6,3.6,3.64,1274,,,,,,,,,,,
05/28/2026,BGCR,3.6,3.55,3.6,3.6,3.68,1304,,,,,,,,,,,
05/28/2026,SOFR,3.62,3.58,3.6,3.68,3.72,3139,,,,,,,,,,,
05/27/2026,EFFR,3.62,3.6,3.62,3.63,3.7,106,3.5,3.75,,,,,,,,,
05/27/2026,OBFR,3.62,3.52,3.62,3.63,3.68,246,,,,,,,,,,,
05/27/2026,TGCR,3.62,3.55,3.62,3.62,3.64,1258,,,,,,,,,,,
05/27/2026,BGCR,3.62,3.55,3.62,3.62,3.67,1286,,,,,,,,,,,
05/27/2026,SOFR,3.63,3.6,3.62,3.69,3.73,3176,,,,,,,,,,,
05/26/2026,EFFR,3.62,3.6,3.62,3.63,3.68,113,3.5,3.75,,,,,,,,,
05/26/2026,OBFR,3.62,3.55,3.62,3.62,3.68,239,,,,,,,,,,,
05/26/2026,TGCR,3.61,3.5,3.61,3.61,3.64,1261,,,,,,,,,,,
05/26/2026,BGCR,3.61,3.5,3.61,3.62,3.68,1296,,,,,,,,,,,
05/26/2026,SOFR,3.63,3.56,3.61,3.69,3.72,3127,,,,,,,,,,,
05/22/2026,EFFR,3.62,3.59,3.61,3.62,3.69,121,3.5,3.75,,,,,,,,,
05/22/2026,OBFR,3.61,3.52,3.6,3.62,3.68,274,,,,,,,,,,,
05/22/2026,TGCR,3.53,3.48,3.52,3.53,3.6,1249,,,,,,,,,,,
05/22/2026,BGCR,3.53,3.48,3.52,3.53,3.62,1276,,,,,,,,,,,
05/22/2026,SOFR,3.55,3.51,3.53,3.61,3.65,3078,,,,,,,,,,,
05/21/2026,EFFR,3.62,3.59,3.61,3.62,3.68,120,3.5,3.75,,,,,,,,,
05/21/2026,OBFR,3.61,3.55,3.6,3.62,3.68,273,,,,,,,,,,,
05/21/2026,TGCR,3.51,3.45,3.5,3.51,3.59,1255,,,,,,,,,,,
05/21/2026,BGCR,3.51,3.45,3.5,3.51,3.6,1290,,,,,,,,,,,
05/21/2026,SOFR,3.51,3.48,3.51,3.55,3.62,3077,,,,,,,,,,,
05/20/2026,EFFR,3.62,3.6,3.62,3.63,3.68,119,3.5,3.75,,,,,,,,,
05/20/2026,OBFR,3.62,3.55,3.6,3.62,3.68,283,,,,,,,,,,,
05/20/2026,TGCR,3.5,3.45,3.5,3.51,3.55,1255,,,,,,,,,,,
05/20/2026,BGCR,3.5,3.45,3.5,3.51,3.55,1286,,,,,,,,,,,
05/20/2026,SOFR,3.5,3.46,3.5,3.52,3.56,3082,,,,,,,,,,,
05/19/2026,EFFR,3.62,3.6,3.62,3.63,3.68,119,3.5,3.75,,,,,,,,,
05/19/2026,OBFR,3.62,3.55,3.61,3.63,3.68,278,,,,,,,,,,,
05/19/2026,TGCR,3.51,3.46,3.51,3.51,3.54,1249,,,,,,,,,,,
05/19/2026,BGCR,3.51,3.46,3.51,3.51,3.54,1292,,,,,,,,,,,
05/19/2026,SOFR,3.51,3.48,3.51,3.54,3.59,3111,,,,,,,,,,,
05/18/2026,EFFR,3.63,3.6,3.62,3.63,3.69,118,3.5,3.75,,,,,,,,,
05/18/2026,OBFR,3.62,3.55,3.61,3.63,3.68,275,,,,,,,,,,,
05/18/2026,TGCR,3.52,3.49,3.52,3.52,3.56,1254,,,,,,,,,,,
05/18/2026,BGCR,3.52,3.48,3.52,3.52,3.58,1295,,,,,,,,,,,
05/18/2026,SOFR,3.53,3.5,3.52,3.58,3.62,3159,,,,,,,,,,,
05/15/2026,EFFR,3.63,3.6,3.62,3.63,3.68,123,3.5,3.75,,,,,,,,,
05/15/2026,OBFR,3.62,3.52,3.62,3.63,3.68,285,,,,,,,,,,,
05/15/2026,TGCR,3.53,3.5,3.53,3.53,3.59,1267,,,,,,,,,,,
05/15/2026,BGCR,3.53,3.5,3.53,3.53,3.61,1301,,,,,,,,,,,
05/15/2026,SOFR,3.55,3.51,3.53,3.61,3.65,3157,,,,,,,,,,,
05/14/2026,EFFR,3.63,3.6,3.62,3.63,3.68,120,3.5,3.75,,,,,,,,,
05/14/2026,OBFR,3.63,3.52,3.62,3.63,3.68,265,,,,,,,,,,,
05/14/2026,TGCR,3.55,3.5,3.55,3.56,3.6,1281,,,,,,,,,,,
05/14/2026,BGCR,3.55,3.5,3.55,3.56,3.61,1314,,,,,,,,,,,
05/14/2026,SOFR,3.56,3.53,3.55,3.62,3.67,3115,,,,,,,,,,,
05/13/2026,EFFR,3.63,3.6,3.62,3.63,3.69,123,3.5,3.75,,,,,,,,,
05/13/2026,OBFR,3.63,3.55,3.62,3.63,3.68,241,,,,,,,,,,,
05/13/2026,TGCR,3.58,3.52,3.58,3.58,3.61,1283,,,,,,,,,,,
05/13/2026,BGCR,3.58,3.5,3.58,3.58,3.64,1318,,,,,,,,,,,
05/13/2026,SOFR,3.59,3.55,3.58,3.64,3.68,3119,,,,,,,,,,,
05/12/2026,EFFR,3.63,3.6,3.62,3.64,3.7,118,3.5,3.75,,,,,,,,,
05/12/2026,OBFR,3.63,3.55,3.62,3.63,3.69,241,,,,,,,,,,,
05/12/2026,TGCR,3.58,3.53,3.58,3.58,3.62,1290,,,,,,,,,,,
05/12/2026,BGCR,3.58,3.53,3.58,3.58,3.66,1321,,,,,,,,,,,
05/12/2026,SOFR,3.6,3.56,3.58,3.65,3.69,3097,,,,,,,,,,,
05/11/2026,EFFR,3.63,3.6,3.63,3.64,3.7,114,3.5,3.75,,,,,,,,,
05/11/2026,OBFR,3.63,3.55,3.62,3.63,3.68,250,,,,,,,,,,,
05/11/2026,TGCR,3.58,3.53,3.58,3.58,3.62,1276,,,,,,,,,,,
05/11/2026,BGCR,3.58,3.53,3.58,3.58,3.64,1299,,,,,,,,,,,
05/11/2026,SOFR,3.6,3.55,3.58,3.64,3.68,3090,,,,,,,,,,,
05/08/2026,EFFR,3.63,3.6,3.63,3.64,3.7,123,3.5,3.75,,,,,,,,,
05/08/2026,OBFR,3.63,3.52,3.62,3.64,3.68,271,,,,,,,,,,,
05/08/2026,TGCR,3.58,3.54,3.58,3.58,3.62,1276,,,,,,,,,,,
05/08/2026,BGCR,3.58,3.54,3.58,3.58,3.64,1302,,,,,,,,,,,
05/08/2026,SOFR,3.6,3.56,3.58,3.65,3.68,3087,,,,,,,,,,,
05/07/2026,EFFR,3.63,3.6,3.63,3.64,3.69,119,3.5,3.75,,,,,,,,,
05/07/2026,OBFR,3.63,3.53,3.62,3.64,3.68,270,,,,,,,,,,,
05/07/2026,TGCR,3.58,3.55,3.58,3.58,3.62,1276,,,,,,,,,,,
05/07/2026,BGCR,3.58,3.55,3.58,3.58,3.64,1302,,,,,,,,,,,
05/07/2026,SOFR,3.6,3.57,3.58,3.65,3.69,3106,,,,,,,,,,,
05/06/2026,EFFR,3.64,3.6,3.63,3.64,3.69,118,3.5,3.75,,,,,,,,,
05/06/2026,OBFR,3.63,3.54,3.62,3.64,3.68,255,,,,,,,,,,,
05/06/2026,TGCR,3.6,3.54,3.6,3.6,3.64,1270,,,,,,,,,,,
05/06/2026,BGCR,3.6,3.5,3.6,3.6,3.66,1307,,,,,,,,,,,
05/06/2026,SOFR,3.61,3.57,3.6,3.66,3.71,3129,,,,,,,,,,,
05/05/2026,EFFR,3.64,3.6,3.63,3.64,3.7,113,3.5,3.75,,,,,,,,,
05/05/2026,OBFR,3.63,3.55,3.62,3.64,3.69,243,,,,,,,,,,,
05/05/2026,TGCR,3.6,3.55,3.6,3.6,3.64,1258,,,,,,,,,,,
05/05/2026,BGCR,3.6,3.55,3.6,3.6,3.65,1287,,,,,,,,,,,
05/05/2026,SOFR,3.62,3.58,3.6,3.66,3.71,3148,,,,,,,,,,,
05/04/2026,EFFR,3.64,3.6,3.63,3.64,3.7,111,3.5,3.75,,,,,,,,,
05/04/2026,OBFR,3.63,3.55,3.62,3.64,3.69,231,,,,,,,,,,,
05/04/2026,TGCR,3.61,3.54,3.61,3.61,3.65,1253,,,,,,,,,,,
05/04/2026,BGCR,3.61,3.54,3.61,3.61,3.66,1279,,,,,,,,,,,
05/04/2026,SOFR,3.63,3.59,3.61,3.67,3.71,3113,,,,,,,,,,,
05/01/2026,EFFR,3.64,3.6,3.63,3.64,3.7,115,3.5,3.75,,,,,,,,,
05/01/2026,OBFR,3.63,3.5,3.63,3.64,3.69,225,,,,,,,,,,,
05/01/2026,TGCR,3.63,3.55,3.63,3.63,3.67,1243,,,,,,,,,,,
05/01/2026,BGCR,3.63,3.57,3.63,3.63,3.68,1272,,,,,,,,,,,
05/01/2026,SOFR,3.64,3.61,3.63,3.69,3.73,3150,,,,,,,,,,,
04/30/2026,EFFR,3.64,3.6,3.63,3.65,3.7,90,3.5,3.75,,,,,,,,,
04/30/2026,OBFR,3.64,3.5,3.62,3.65,3.69,183,,,,,,,,,,,
04/30/2026,TGCR,3.64,3.55,3.64,3.64,3.66,1250,,,,,,,,,,,
04/30/2026,BGCR,3.64,3.55,3.64,3.64,3.71,1290,,,,,,,,,,,
04/30/2026,SOFR,3.66,3.59,3.64,3.72,3.75,3275,,,,,,,,,,,
04/29/2026,EFFR,3.64,3.6,3.64,3.65,3.7,87,3.5,3.75,,,,,,,,,
04/29/2026,OBFR,3.64,3.5,3.63,3.65,3.69,187,,,,,,,,,,,
04/29/2026,TGCR,3.61,3.55,3.61,3.61,3.65,1202,,,,,,,,,,,
04/29/2026,BGCR,3.61,3.55,3.61,3.61,3.67,1240,,,,,,,,,,,
04/29/2026,SOFR,3.63,3.59,3.61,3.69,3.72,2964,,,,,,,,,,,
04/28/2026,EFFR,3.64,3.6,3.64,3.65,3.7,82,3.5,3.75,,,,,,,,,
04/28/2026,OBFR,3.64,3.52,3.63,3.65,3.69,180,,,,,,,,,,,
04/28/2026,TGCR,3.62,3.57,3.62,3.62,3.67,1212,,,,,,,,,,,
04/28/2026,BGCR,3.62,3.57,3.62,3.62,3.68,1248,,,,,,,,,,,
04/28/2026,SOFR,3.64,3.6,3.62,3.69,3.73,3021,,,,,,,,,,,
04/27/2026,EFFR,3.64,3.6,3.63,3.65,3.7,85,3.5,3.75,,,,,,,,,
04/27/2026,OBFR,3.64,3.52,3.63,3.65,3.69,172,,,,,,,,,,,
04/27/2026,TGCR,3.65,3.53,3.65,3.65,3.67,1220,,,,,,,,,,,
04/27/2026,BGCR,3.65,3.53,3.65,3.65,3.71,1258,,,,,,,,,,,
04/27/2026,SOFR,3.66,3.6,3.65,3.72,3.76,3058,,,,,,,,,,,
04/24/2026,EFFR,3.64,3.6,3.64,3.65,3.69,97,3.5,3.75,,,,,,,,,
04/24/2026,OBFR,3.64,3.5,3.63,3.65,3.69,190,,,,,,,,,,,
04/24/2026,TGCR,3.65,3.58,3.65,3.65,3.67,1219,,,,,,,,,,,
04/24/2026,BGCR,3.65,3.58,3.65,3.65,3.7,1253,,,,,,,,,,,
04/24/2026,SOFR,3.66,3.6,3.65,3.73,3.76,3047,,,,,,,,,,,
04/23/2026,EFFR,3.64,3.6,3.64,3.65,3.7,93,3.5,3.75,,,,,,,,,
04/23/2026,OBFR,3.64,3.5,3.62,3.65,3.69,207,,,,,,,,,,,
04/23/2026,TGCR,3.63,3.55,3.63,3.63,3.65,1215,,,,,,,,,,,
04/23/2026,BGCR,3.63,3.55,3.63,3.63,3.69,1239,,,,,,,,,,,
04/23/2026,SOFR,3.65,3.59,3.63,3.7,3.74,3011,,,,,,,,,,,
04/22/2026,EFFR,3.64,3.6,3.64,3.65,3.7,89,3.5,3.75,,,,,,,,,
04/22/2026,OBFR,3.64,3.52,3.63,3.65,3.69,188,,,,,,,,,,,
04/22/2026,TGCR,3.62,3.55,3.62,3.62,3.65,1218,,,,,,,,,,,
04/22/2026,BGCR,3.62,3.55,3.62,3.62,3.68,1248,,,,,,,,,,,
04/22/2026,SOFR,3.64,3.59,3.62,3.7,3.73,2960,,,,,,,,,,,
04/21/2026,EFFR,3.64,3.6,3.64,3.65,3.7,85,3.5,3.75,,,,,,,,,
04/21/2026,OBFR,3.64,3.52,3.63,3.65,3.69,190,,,,,,,,,,,
04/21/2026,TGCR,3.61,3.56,3.61,3.61,3.64,1216,,,,,,,,,,,
04/21/2026,BGCR,3.61,3.56,3.61,3.61,3.68,1242,,,,,,,,,,,
04/21/2026,SOFR,3.63,3.59,3.61,3.69,3.72,3021,,,,,,,,,,,
04/20/2026,EFFR,3.64,3.6,3.64,3.65,3.7,69,3.5,3.75,,,,,,,,,
04/20/2026,OBFR,3.63,3.52,3.62,3.64,3.69,186,,,,,,,,,,,
04/20/2026,TGCR,3.6,3.55,3.6,3.61,3.66,1222,,,,,,,,,,,
04/20/2026,BGCR,3.6,3.55,3.6,3.61,3.67,1248,,,,,,,,,,,
04/20/2026,SOFR,3.63,3.59,3.6,3.69,3.71,3010,,,,,,,,,,,
04/17/2026,EFFR,3.64,3.6,3.63,3.65,3.7,85,3.5,3.75,,,,,,,,,
04/17/2026,OBFR,3.64,3.5,3.62,3.65,3.7,193,,,,,,,,,,,
04/17/2026,TGCR,3.62,3.57,3.62,3.62,3.68,1224,,,,,,,,,,,
04/17/2026,BGCR,3.62,3.57,3.62,3.62,3.68,1255,,,,,,,,,,,
04/17/2026,SOFR,3.65,3.6,3.62,3.71,3.73,3042,,,,,,,,,,,
04/16/2026,EFFR,3.64,3.6,3.64,3.65,3.68,85,3.5,3.75,,,,,,,,,
04/16/2026,OBFR,3.64,3.5,3.63,3.65,3.7,175,,,,,,,,,,,
04/16/2026,TGCR,3.64,3.58,3.64,3.65,3.73,1242,,,,,,,,,,,
04/16/2026,BGCR,3.64,3.58,3.64,3.65,3.73,1276,,,,,,,,,,,
04/16/2026,SOFR,3.67,3.63,3.64,3.73,3.75,3107,,,,,,,,,,,
04/15/2026,EFFR,3.64,3.6,3.63,3.65,3.68,83,3.5,3.75,,,,,,,,,
04/15/2026,OBFR,3.64,3.5,3.63,3.65,3.68,165,,,,,,,,,,,
04/15/2026,TGCR,3.7,3.6,3.7,3.7,3.72,1251,,,,,,,,,,,
04/15/2026,BGCR,3.7,3.6,3.7,3.7,3.76,1287,,,,,,,,,,,
04/15/2026,SOFR,3.72,3.65,3.7,3.78,3.82,3117,,,,,,,,,,,
04/14/2026,EFFR,3.64,3.6,3.63,3.64,3.68,94,3.5,3.75,,,,,,,,,
04/14/2026,OBFR,3.63,3.52,3.62,3.64,3.68,199,,,,,,,,,,,
04/14/2026,TGCR,3.64,3.58,3.64,3.64,3.66,1258,,,,,,,,,,,
04/14/2026,BGCR,3.64,3.58,3.64,3.64,3.69,1286,,,,,,,,,,,
04/14/2026,SOFR,3.66,3.6,3.64,3.71,3.75,3116,,,,,,,,,,,
04/13/2026,EFFR,3.64,3.6,3.63,3.64,3.68,97,3.5,3.75,,,,,,,,,
04/13/2026,OBFR,3.63,3.52,3.62,3.64,3.68,225,,,,,,,,,,,
04/13/2026,TGCR,3.61,3.56,3.61,3.61,3.64,1253,,,,,,,,,,,
04/13/2026,BGCR,3.61,3.56,3.61,3.61,3.68,1289,,,,,,,,,,,
04/13/2026,SOFR,3.63,3.6,3.61,3.69,3.72,3135,,,,,,,,,,,
04/10/2026,EFFR,3.64,3.6,3.63,3.64,3.66,106,3.5,3.75,,,,,,,,,
04/10/2026,OBFR,3.63,3.52,3.62,3.64,3.68,238,,,,,,,,,,,
04/10/2026,TGCR,3.59,3.54,3.59,3.6,3.64,1262,,,,,,,,,,,
04/10/2026,BGCR,3.59,3.54,3.59,3.6,3.69,1297,,,,,,,,,,,
04/10/2026,SOFR,3.61,3.57,3.59,3.68,3.72,3063,,,,,,,,,,,
04/09/2026,EFFR,3.64,3.6,3.63,3.64,3.65,105,3.5,3.75,,,,,,,,,
04/09/2026,OBFR,3.63,3.5,3.62,3.64,3.68,251,,,,,,,,,,,
04/09/2026,TGCR,3.54,3.52,3.54,3.55,3.63,1278,,,,,,,,,,,
04/09/2026,BGCR,3.54,3.52,3.54,3.55,3.7,1327,,,,,,,,,,,
04/09/2026,SOFR,3.57,3.53,3.54,3.63,3.7,3147,,,,,,,,,,,
04/08/2026,EFFR,3.64,3.6,3.63,3.64,3.66,106,3.5,3.75,,,,,,,,,
04/08/2026,OBFR,3.63,3.52,3.62,3.64,3.68,223,,,,,,,,,,,
04/08/2026,TGCR,3.58,3.53,3.58,3.58,3.63,1286,,,,,,,,,,,
04/08/2026,BGCR,3.58,3.53,3.58,3.58,3.64,1314,,,,,,,,,,,
04/08/2026,SOFR,3.59,3.55,3.58,3.66,3.69,3169,,,,,,,,,,,
04/07/2026,EFFR,3.64,3.6,3.63,3.64,3.66,106,3.5,3.75,,,,,,,,,
04/07/2026,OBFR,3.63,3.52,3.63,3.64,3.68,214,,,,,,,,,,,
04/07/2026,TGCR,3.61,3.54,3.61,3.61,3.66,1297,,,,,,,,,,,
04/07/2026,BGCR,3.61,3.52,3.61,3.61,3.66,1331,,,,,,,,,,,
04/07/2026,SOFR,3.62,3.55,3.61,3.68,3.71,3260,,,,,,,,,,,
04/06/2026,EFFR,3.64,3.6,3.63,3.64,3.66,103,3.5,3.75,,,,,,,,,
04/06/2026,OBFR,3.64,3.52,3.63,3.64,3.68,192,,,,,,,,,,,
04/06/2026,TGCR,3.63,3.55,3.63,3.63,3.67,1271,,,,,,,,,,,
04/06/2026,BGCR,3.63,3.55,3.63,3.63,3.69,1299,,,,,,,,,,,
04/06/2026,SOFR,3.65,3.6,3.63,3.71,3.74,3217,,,,,,,,,,,
04/03/2026,EFFR,3.64,3.6,3.63,3.64,3.66,106,3.5,3.75,,,,,,,,,
04/03/2026,OBFR,3.64,3.5,3.63,3.64,3.68,126,,,,,,,,,,,
04/02/2026,EFFR,3.64,3.6,3.63,3.64,3.68,105,3.5,3.75,,,,,,,,,
04/02/2026,OBFR,3.64,3.5,3.63,3.64,3.7,122,,,,,,,,,,,
04/02/2026,TGCR,3.63,3.59,3.63,3.64,3.66,1264,,,,,,,,,,,
04/02/2026,BGCR,3.63,3.6,3.63,3.64,3.71,1292,,,,,,,,,,,
04/02/2026,SOFR,3.66,3.62,3.63,3.73,3.75,3251,,,,,,,,,,,
04/01/2026,EFFR,3.64,3.6,3.63,3.64,3.68,110,3.5,3.75,,,,,,,,,
04/01/2026,OBFR,3.64,3.52,3.63,3.64,3.68,191,,,,,,,,,,,
04/01/2026,TGCR,3.62,3.58,3.62,3.63,3.69,1255,,,,,,,,,,,
04/01/2026,BGCR,3.62,3.58,3.62,3.63,3.69,1294,,,,,,,,,,,
04/01/2026,SOFR,3.65,3.61,3.62,3.71,3.75,3265,,,,,,,,,,,
03/31/2026,EFFR,3.64,3.6,3.64,3.64,3.69,86,3.5,3.75,,,,,,,,,
03/31/2026,OBFR,3.64,3.5,3.62,3.65,3.7,158,,,,,,,,,,,
03/31/2026,TGCR,3.66,3.57,3.66,3.66,3.68,1210,,,,,,,,,,,
03/31/2026,BGCR,3.66,3.58,3.66,3.66,3.73,1239,,,,,,,,,,,
03/31/2026,SOFR,3.68,3.62,3.66,3.75,3.78,3280,,,,,,,,,,,
03/30/2026,EFFR,3.64,3.6,3.63,3.65,3.66,105,3.5,3.75,,,,,,,,,
03/30/2026,OBFR,3.64,3.5,3.63,3.64,3.69,190,,,,,,,,,,,
03/30/2026,TGCR,3.62,3.57,3.62,3.62,3.64,1239,,,,,,,,,,,
03/30/2026,BGCR,3.62,3.57,3.62,3.62,3.67,1269,,,,,,,,,,,
03/30/2026,SOFR,3.63,3.6,3.62,3.69,3.73,3082,,,,,,,,,,,
03/27/2026,EFFR,3.64,3.6,3.63,3.64,3.66,105,3.5,3.75,,,,,,,,,
03/27/2026,OBFR,3.64,3.5,3.63,3.64,3.68,194,,,,,,,,,,,
03/27/2026,TGCR,3.62,3.54,3.62,3.62,3.66,1248,,,,,,,,,,,
03/27/2026,BGCR,3.62,3.55,3.62,3.62,3.68,1276,,,,,,,,,,,
03/27/2026,SOFR,3.63,3.6,3.62,3.69,3.73,3037,,,,,,,,,,,
03/26/2026,EFFR,3.64,3.6,3.63,3.65,3.65,101,3.5,3.75,,,,,,,,,
03/26/2026,OBFR,3.64,3.5,3.63,3.64,3.68,197,,,,,,,,,,,
03/26/2026,TGCR,3.63,3.55,3.63,3.64,3.66,1256,,,,,,,,,,,
03/26/2026,BGCR,3.63,3.55,3.63,3.64,3.7,1284,,,,,,,,,,,
03/26/2026,SOFR,3.65,3.61,3.63,3.72,3.75,3113,,,,,,,,,,,
03/25/2026,EFFR,3.64,3.6,3.63,3.65,3.68,93,3.5,3.75,,,,,,,,,
03/25/2026,OBFR,3.64,3.5,3.63,3.65,3.68,189,,,,,,,,,,,
03/25/2026,TGCR,3.63,3.55,3.63,3.63,3.66,1272,,,,,,,,,,,
03/25/2026,BGCR,3.63,3.55,3.63,3.63,3.7,1303,,,,,,,,,,,
03/25/2026,SOFR,3.64,3.6,3.63,3.71,3.74,3063,,,,,,,,,,,
03/24/2026,EFFR,3.64,3.6,3.64,3.65,3.68,96,3.5,3.75,,,,,,,,,
03/24/2026,OBFR,3.64,3.53,3.63,3.65,3.68,200,,,,,,,,,,,
03/24/2026,TGCR,3.6,3.56,3.6,3.61,3.65,1261,,,,,,,,,,,
03/24/2026,BGCR,3.6,3.56,3.6,3.61,3.68,1293,,,,,,,,,,,
03/24/2026,SOFR,3.63,3.59,3.6,3.69,3.72,3014,,,,,,,,,,,
03/23/2026,EFFR,3.64,3.6,3.63,3.65,3.68,97,3.5,3.75,,,,,,,,,
03/23/2026,OBFR,3.64,3.52,3.63,3.65,3.68,199,,,,,,,,,,,
03/23/2026,TGCR,3.6,3.55,3.6,3.6,3.64,1264,,,,,,,,,,,
03/23/2026,BGCR,3.6,3.55,3.6,3.6,3.67,1293,,,,,,,,,,,
03/23/2026,SOFR,3.62,3.59,3.6,3.68,3.71,3013,,,,,,,,,,,
03/20/2026,EFFR,3.64,3.6,3.63,3.65,3.68,103,3.5,3.75,,,,,,,,,
03/20/2026,OBFR,3.64,3.5,3.63,3.64,3.69,214,,,,,,,,,,,
03/20/2026,TGCR,3.6,3.55,3.6,3.6,3.64,1279,,,,,,,,,,,
03/20/2026,BGCR,3.6,3.55,3.6,3.6,3.66,1315,,,,,,,,,,,
03/20/2026,SOFR,3.62,3.59,3.6,3.68,3.7,3102,,,,,,,,,,,
03/19/2026,EFFR,3.64,3.6,3.63,3.65,3.68,103,3.5,3.75,,,,,,,,,
03/19/2026,OBFR,3.64,3.52,3.63,3.65,3.68,205,,,,,,,,,,,
03/19/2026,TGCR,3.6,3.55,3.6,3.6,3.64,1295,,,,,,,,,,,
03/19/2026,BGCR,3.6,3.55,3.6,3.6,3.67,1328,,,,,,,,,,,
03/19/2026,SOFR,3.62,3.59,3.6,3.68,3.71,3121,,,,,,,,,,,
03/18/2026,EFFR,3.64,3.6,3.63,3.65,3.69,93,3.5,3.75,,,,,,,,,
03/18/2026,OBFR,3.64,3.52,3.63,3.65,3.69,184,,,,,,,,,,,
03/18/2026,TGCR,3.6,3.55,3.6,3.6,3.66,1295,,,,,,,,,,,
03/18/2026,BGCR,3.6,3.55,3.6,3.6,3.67,1321,,,,,,,,,,,
03/18/2026,SOFR,3.62,3.58,3.6,3.69,3.71,3092,,,,,,,,,,,
03/17/2026,EFFR,3.64,3.6,3.63,3.64,3.68,93,3.5,3.75,,,,,,,,,
03/17/2026,OBFR,3.64,3.5,3.63,3.64,3.69,181,,,,,,,,,,,
03/17/2026,TGCR,3.62,3.58,3.62,3.62,3.71,1289,,,,,,,,,,,
03/17/2026,BGCR,3.62,3.58,3.62,3.62,3.71,1321,,,,,,,,,,,
03/17/2026,SOFR,3.65,3.6,3.62,3.71,3.73,3146,,,,,,,,,,,
03/16/2026,EFFR,3.64,3.6,3.63,3.64,3.68,88,3.5,3.75,,,,,,,,,
03/16/2026,OBFR,3.64,3.5,3.63,3.65,3.69,159,,,,,,,,,,,
03/16/2026,TGCR,3.67,3.6,3.67,3.68,3.7,1277,,,,,,,,,,,
03/16/2026,BGCR,3.67,3.6,3.67,3.68,3.73,1305,,,,,,,,,,,
03/16/2026,SOFR,3.7,3.63,3.67,3.76,3.79,3178,,,,,,,,,,,
03/13/2026,EFFR,3.64,3.6,3.63,3.64,3.66,92,3.5,3.75,,,,,,,,,
03/13/2026,OBFR,3.64,3.5,3.62,3.64,3.68,188,,,,,,,,,,,
03/13/2026,TGCR,3.63,3.53,3.63,3.63,3.66,1279,,,,,,,,,,,
03/13/2026,BGCR,3.63,3.53,3.63,3.63,3.69,1303,,,,,,,,,,,
03/13/2026,SOFR,3.65,3.6,3.63,3.71,3.74,3164,,,,,,,,,,,
03/12/2026,EFFR,3.64,3.6,3.63,3.64,3.66,99,3.5,3.75,,,,,,,,,
03/12/2026,OBFR,3.64,3.5,3.63,3.64,3.68,186,,,,,,,,,,,
03/12/2026,TGCR,3.63,3.54,3.63,3.63,3.65,1287,,,,,,,,,,,
03/12/2026,BGCR,3.63,3.54,3.63,3.63,3.69,1316,,,,,,,,,,,
03/12/2026,SOFR,3.65,3.6,3.63,3.71,3.74,3112,,,,,,,,,,,
03/11/2026,EFFR,3.64,3.6,3.63,3.64,3.66,97,3.5,3.75,,,,,,,,,
03/11/2026,OBFR,3.64,3.52,3.63,3.64,3.68,197,,,,,,,,,,,
03/11/2026,TGCR,3.62,3.56,3.61,3.62,3.65,1291,,,,,,,,,,,
03/11/2026,BGCR,3.62,3.56,3.61,3.62,3.68,1315,,,,,,,,,,,
03/11/2026,SOFR,3.64,3.6,3.62,3.7,3.73,3175,,,,,,,,,,,
03/10/2026,EFFR,3.64,3.6,3.63,3.64,3.68,104,3.5,3.75,,,,,,,,,
03/10/2026,OBFR,3.64,3.52,3.63,3.64,3.68,196,,,,,,,,,,,
03/10/2026,TGCR,3.61,3.57,3.61,3.62,3.66,1296,,,,,,,,,,,
03/10/2026,BGCR,3.62,3.57,3.61,3.62,3.69,1322,,,,,,,,,,,
03/10/2026,SOFR,3.64,3.6,3.62,3.7,3.72,3200,,,,,,,,,,,
03/09/2026,EFFR,3.64,3.6,3.63,3.64,3.66,99,3.5,3.75,,,,,,,,,
03/09/2026,OBFR,3.63,3.52,3.63,3.64,3.68,189,,,,,,,,,,,
03/09/2026,TGCR,3.63,3.55,3.63,3.63,3.66,1289,,,,,,,,,,,
03/09/2026,BGCR,3.63,3.55,3.63,3.63,3.69,1315,,,,,,,,,,,
03/09/2026,SOFR,3.65,3.61,3.63,3.71,3.74,3173,,,,,,,,,,,
03/06/2026,EFFR,3.64,3.6,3.63,3.64,3.66,102,3.5,3.75,,,,,,,,,
03/06/2026,OBFR,3.63,3.5,3.62,3.64,3.68,203,,,,,,,,,,,
03/06/2026,TGCR,3.62,3.55,3.62,3.63,3.67,1294,,,,,,,,,,,
03/06/2026,BGCR,3.62,3.55,3.62,3.63,3.68,1317,,,,,,,,,,,
03/06/2026,SOFR,3.65,3.6,3.62,3.71,3.73,3198,,,,,,,,,,,
03/05/2026,EFFR,3.64,3.6,3.63,3.64,3.68,106,3.5,3.75,,,,,,,,,
03/05/2026,OBFR,3.63,3.5,3.62,3.64,3.68,189,,,,,,,,,,,
03/05/2026,TGCR,3.63,3.57,3.63,3.64,3.68,1311,,,,,,,,,,,
03/05/2026,BGCR,3.63,3.57,3.63,3.64,3.7,1341,,,,,,,,,,,
03/05/2026,SOFR,3.66,3.6,3.63,3.72,3.74,3294,,,,,,,,,,,
03/04/2026,EFFR,3.64,3.6,3.63,3.64,3.66,106,3.5,3.75,,,,,,,,,
03/04/2026,OBFR,3.63,3.5,3.63,3.64,3.68,187,,,,,,,,,,,
03/04/2026,TGCR,3.65,3.57,3.65,3.65,3.71,1318,,,,,,,,,,,
03/04/2026,BGCR,3.65,3.58,3.65,3.66,3.71,1348,,,,,,,,,,,
03/04/2026,SOFR,3.67,3.64,3.65,3.74,3.76,3292,,,,,,,,,,,
03/03/2026,EFFR,3.64,3.6,3.63,3.64,3.68,101,3.5,3.75,,,,,,,,,
03/03/2026,OBFR,3.64,3.52,3.62,3.64,3.68,175,,,,,,,,,,,
03/03/2026,TGCR,3.67,3.6,3.66,3.67,3.72,1338,,,,,,,,,,,
03/03/2026,BGCR,3.67,3.6,3.67,3.67,3.75,1381,,,,,,,,,,,
03/03/2026,SOFR,3.7,3.65,3.67,3.76,3.78,3310,,,,,,,,,,,
03/02/2026,EFFR,3.64,3.6,3.63,3.64,3.68,97,3.5,3.75,,,,,,,,,
03/02/2026,OBFR,3.64,3.5,3.63,3.65,3.68,169,,,,,,,,,,,
03/02/2026,TGCR,3.69,3.65,3.69,3.7,3.72,1353,,,,,,,,,,,
03/02/2026,BGCR,3.69,3.65,3.69,3.7,3.75,1380,,,,,,,,,,,
03/02/2026,SOFR,3.71,3.67,3.69,3.78,3.82,3404,,,,,,,,,,,
02/27/2026,EFFR,3.64,3.6,3.63,3.64,3.65,107,3.5,3.75,,,,,,,,,
02/27/2026,OBFR,3.63,3.5,3.62,3.64,3.68,196,,,,,,,,,,,
02/27/2026,TGCR,3.66,3.55,3.66,3.67,3.69,1320,,,,,,,,,,,
02/27/2026,BGCR,3.66,3.55,3.66,3.67,3.72,1357,,,,,,,,,,,
02/27/2026,SOFR,3.68,3.62,3.66,3.75,3.78,3252,,,,,,,,,,,
02/26/2026,EFFR,3.64,3.6,3.63,3.64,3.68,108,3.5,3.75,,,,,,,,,
02/26/2026,OBFR,3.63,3.5,3.63,3.64,3.68,188,,,,,,,,,,,
02/26/2026,TGCR,3.65,3.6,3.65,3.65,3.68,1329,,,,,,,,,,,
02/26/2026,BGCR,3.65,3.6,3.65,3.65,3.7,1352,,,,,,,,,,,
02/26/2026,SOFR,3.67,3.63,3.65,3.73,3.76,3262,,,,,,,,,,,
02/25/2026,EFFR,3.64,3.6,3.63,3.64,3.68,108,3.5,3.75,,,,,,,,,
02/25/2026,OBFR,3.64,3.5,3.63,3.64,3.68,183,,,,,,,,,,,
02/25/2026,TGCR,3.65,3.6,3.65,3.65,3.68,1335,,,,,,,,,,,
02/25/2026,BGCR,3.65,3.6,3.65,3.65,3.7,1365,,,,,,,,,,,
02/25/2026,SOFR,3.67,3.63,3.65,3.73,3.76,3232,,,,,,,,,,,
02/24/2026,EFFR,3.64,3.6,3.63,3.64,3.68,106,3.5,3.75,,,,,,,,,
02/24/2026,OBFR,3.63,3.52,3.63,3.64,3.68,183,,,,,,,,,,,
02/24/2026,TGCR,3.65,3.6,3.65,3.65,3.67,1346,,,,,,,,,,,
02/24/2026,BGCR,3.65,3.6,3.65,3.65,3.71,1375,,,,,,,,,,,
02/24/2026,SOFR,3.67,3.62,3.65,3.73,3.76,3239,,,,,,,,,,,
02/23/2026,EFFR,3.64,3.6,3.63,3.64,3.68,97,3.5,3.75,,,,,,,,,
02/23/2026,OBFR,3.63,3.5,3.63,3.64,3.69,179,,,,,,,,,,,
02/23/2026,TGCR,3.64,3.55,3.64,3.64,3.67,1320,,,,,,,,,,,
02/23/2026,BGCR,3.64,3.55,3.64,3.64,3.7,1350,,,,,,,,,,,
02/23/2026,SOFR,3.66,3.61,3.64,3.73,3.75,3197,,,,,,,,,,,
02/20/2026,EFFR,3.64,3.6,3.63,3.64,3.66,101,3.5,3.75,,,,,,,,,
02/20/2026,OBFR,3.63,3.5,3.62,3.64,3.68,191,,,,,,,,,,,
02/20/2026,TGCR,3.64,3.57,3.64,3.64,3.68,1330,,,,,,,,,,,
02/20/2026,BGCR,3.64,3.58,3.64,3.64,3.7,1357,,,,,,,,,,,
02/20/2026,SOFR,3.66,3.61,3.64,3.73,3.75,3224,,,,,,,,,,,
02/19/2026,EFFR,3.64,3.6,3.63,3.64,3.68,100,3.5,3.75,,,,,,,,,
02/19/2026,OBFR,3.64,3.5,3.63,3.64,3.68,184,,,,,,,,,,,
02/19/2026,TGCR,3.64,3.5,3.64,3.64,3.74,1346,,,,,,,,,,,
02/19/2026,BGCR,3.64,3.5,3.64,3.64,3.74,1375,,,,,,,,,,,
02/19/2026,SOFR,3.67,3.6,3.64,3.73,3.76,3238,,,,,,,,,,,
02/18/2026,EFFR,3.64,3.6,3.63,3.64,3.68,104,3.5,3.75,,,,,,,,,
02/18/2026,OBFR,3.64,3.5,3.63,3.64,3.68,180,,,,,,,,,,,
02/18/2026,TGCR,3.72,3.6,3.72,3.72,3.74,1340,,,,,,,,,,,
02/18/2026,BGCR,3.72,3.6,3.72,3.72,3.78,1367,,,,,,,,,,,
02/18/2026,SOFR,3.73,3.66,3.72,3.81,3.85,3258,,,,,,,,,,,
02/17/2026,EFFR,3.64,3.6,3.63,3.64,3.68,97,3.5,3.75,,,,,,,,,
02/17/2026,OBFR,3.64,3.5,3.62,3.64,3.7,173,,,,,,,,,,,
02/17/2026,TGCR,3.67,3.59,3.67,3.68,3.74,1325,,,,,,,,,,,
02/17/2026,BGCR,3.67,3.59,3.67,3.68,3.76,1350,,,,,,,,,,,
02/17/2026,SOFR,3.71,3.65,3.68,3.78,3.89,3254,,,,,,,,,,,
02/13/2026,EFFR,3.64,3.6,3.63,3.64,3.68,90,3.5,3.75,,,,,,,,,
02/13/2026,OBFR,3.63,3.5,3.62,3.64,3.69,182,,,,,,,,,,,
02/13/2026,TGCR,3.64,3.57,3.64,3.64,3.66,1311,,,,,,,,,,,
02/13/2026,BGCR,3.64,3.57,3.64,3.64,3.69,1337,,,,,,,,,,,
02/13/2026,SOFR,3.66,3.61,3.64,3.72,3.75,3169,,,,,,,,,,,
02/12/2026,EFFR,3.64,3.6,3.63,3.64,3.68,97,3.5,3.75,,,,,,,,,
02/12/2026,OBFR,3.63,3.5,3.62,3.64,3.68,196,,,,,,,,,,,
02/12/2026,TGCR,3.63,3.58,3.63,3.64,3.66,1318,,,,,,,,,,,
02/12/2026,BGCR,3.63,3.58,3.63,3.64,3.7,1342,,,,,,,,,,,
02/12/2026,SOFR,3.65,3.61,3.63,3.72,3.75,3205,,,,,,,,,,,
02/11/2026,EFFR,3.64,3.6,3.63,3.64,3.68,101,3.5,3.75,,,,,,,,,
02/11/2026,OBFR,3.63,3.5,3.63,3.64,3.68,202,,,,,,,,,,,
02/11/2026,TGCR,3.62,3.58,3.62,3.63,3.66,1312,,,,,,,,,,,
02/11/2026,BGCR,3.62,3.58,3.62,3.63,3.68,1333,,,,,,,,,,,
02/11/2026,SOFR,3.65,3.61,3.62,3.71,3.73,3167,,,,,,,,,,,
02/10/2026,EFFR,3.64,3.6,3.63,3.64,3.66,104,3.5,3.75,,,,,,,,,
02/10/2026,OBFR,3.63,3.5,3.63,3.64,3.68,204,,,,,,,,,,,
02/10/2026,TGCR,3.63,3.57,3.62,3.63,3.65,1314,,,,,,,,,,,
02/10/2026,BGCR,3.63,3.57,3.62,3.63,3.7,1334,,,,,,,,,,,
02/10/2026,SOFR,3.65,3.6,3.63,3.71,3.73,3194,,,,,,,,,,,
02/09/2026,EFFR,3.64,3.6,3.63,3.64,3.68,92,3.5,3.75,,,,,,,,,
02/09/2026,OBFR,3.63,3.5,3.63,3.64,3.68,207,,,,,,,,,,,
02/09/2026,TGCR,3.61,3.55,3.61,3.61,3.65,1299,,,,,,,,,,,
02/09/2026,BGCR,3.61,3.55,3.61,3.61,3.67,1322,,,,,,,,,,,
02/09/2026,SOFR,3.63,3.6,3.61,3.69,3.72,3132,,,,,,,,,,,
02/06/2026,EFFR,3.64,3.6,3.63,3.64,3.68,106,3.5,3.75,,,,,,,,,
02/06/2026,OBFR,3.63,3.5,3.62,3.64,3.68,206,,,,,,,,,,,
02/06/2026,TGCR,3.62,3.55,3.62,3.62,3.66,1301,,,,,,,,,,,
02/06/2026,BGCR,3.62,3.55,3.62,3.62,3.67,1322,,,,,,,,,,,
02/06/2026,SOFR,3.64,3.6,3.62,3.7,3.72,3195,,,,,,,,,,,
02/05/2026,EFFR,3.64,3.6,3.63,3.64,3.66,110,3.5,3.75,,,,,,,,,
02/05/2026,OBFR,3.63,3.5,3.63,3.64,3.68,213,,,,,,,,,,,
02/05/2026,TGCR,3.63,3.55,3.63,3.63,3.66,1290,,,,,,,,,,,
02/05/2026,BGCR,3.63,3.55,3.63,3.63,3.69,1318,,,,,,,,,,,
02/05/2026,SOFR,3.65,3.6,3.63,3.71,3.74,3228,,,,,,,,,,,
02/04/2026,EFFR,3.64,3.6,3.63,3.64,3.66,109,3.5,3.75,,,,,,,,,
02/04/2026,OBFR,3.63,3.5,3.63,3.64,3.68,200,,,,,,,,,,,
02/04/2026,TGCR,3.63,3.55,3.63,3.63,3.7,1306,,,,,,,,,,,
02/04/2026,BGCR,3.63,3.55,3.63,3.63,3.7,1345,,,,,,,,,,,
02/04/2026,SOFR,3.65,3.6,3.63,3.71,3.74,3310,,,,,,,,,,,
02/03/2026,EFFR,3.64,3.6,3.63,3.64,3.68,107,3.5,3.75,,,,,,,,,
02/03/2026,OBFR,3.64,3.5,3.63,3.64,3.7,188,,,,,,,,,,,
02/03/2026,TGCR,3.66,3.6,3.66,3.66,3.7,1297,,,,,,,,,,,
02/03/2026,BGCR,3.66,3.6,3.66,3.66,3.73,1334,,,,,,,,,,,
02/03/2026,SOFR,3.69,3.64,3.66,3.75,3.78,3268,,,,,,,,,,,
02/02/2026,EFFR,3.64,3.6,3.63,3.64,3.68,93,3.5,3.75,,,,,,,,,
02/02/2026,OBFR,3.64,3.5,3.63,3.64,3.68,170,,,,,,,,,,,
02/02/2026,TGCR,3.66,3.6,3.66,3.66,3.69,1299,,,,,,,,,,,
02/02/2026,BGCR,3.66,3.6,3.66,3.67,3.74,1342,,,,,,,,,,,
02/02/2026,SOFR,3.69,3.63,3.66,3.76,3.78,3307,,,,,,,,,,,
01/30/2026,EFFR,3.64,3.6,3.63,3.64,3.68,101,3.5,3.75,,,,,,,,,
01/30/2026,OBFR,3.63,3.5,3.62,3.64,3.68,194,,,,,,,,,,,
01/30/2026,TGCR,3.66,3.58,3.66,3.67,3.69,1277,,,,,,,,,,,
01/30/2026,BGCR,3.66,3.58,3.66,3.67,3.73,1314,,,,,,,,,,,
01/30/2026,SOFR,3.68,3.64,3.66,3.76,3.78,3275,,,,,,,,,,,
01/29/2026,EFFR,3.64,3.6,3.63,3.64,3.68,104,3.5,3.75,,,,,,,,,
01/29/2026,OBFR,3.63,3.5,3.63,3.64,3.68,187,,,,,,,,,,,
01/29/2026,TGCR,3.63,3.58,3.63,3.64,3.66,1294,,,,,,,,,,,
01/29/2026,BGCR,3.63,3.58,3.63,3.64,3.71,1324,,,,,,,,,,,
01/29/2026,SOFR,3.65,3.61,3.63,3.72,3.74,3166,,,,,,,,,,,
01/28/2026,EFFR,3.64,3.6,3.63,3.64,3.68,89,3.5,3.75,,,,,,,,,
01/28/2026,OBFR,3.64,3.5,3.63,3.64,3.68,177,,,,,,,,,,,
01/28/2026,TGCR,3.62,3.57,3.62,3.62,3.67,1279,,,,,,,,,,,
01/28/2026,BGCR,3.62,3.57,3.62,3.62,3.69,1313,,,,,,,,,,,
01/28/2026,SOFR,3.64,3.61,3.62,3.71,3.74,3146,,,,,,,,,,,
01/27/2026,EFFR,3.64,3.6,3.63,3.64,3.68,88,3.5,3.75,,,,,,,,,
01/27/2026,OBFR,3.63,3.5,3.63,3.64,3.68,181,,,,,,,,,,,
01/27/2026,TGCR,3.64,3.56,3.64,3.65,3.67,1286,,,,,,,,,,,
01/27/2026,BGCR,3.64,3.56,3.64,3.65,3.72,1315,,,,,,,,,,,
01/27/2026,SOFR,3.66,3.61,3.64,3.73,3.76,3145,,,,,,,,,,,
01/26/2026,EFFR,3.64,3.6,3.63,3.64,3.68,83,3.5,3.75,,,,,,,,,
01/26/2026,OBFR,3.63,3.5,3.63,3.64,3.69,170,,,,,,,,,,,
01/26/2026,TGCR,3.65,3.55,3.65,3.65,3.67,1273,,,,,,,,,,,
01/26/2026,BGCR,3.65,3.55,3.65,3.65,3.71,1309,,,,,,,,,,,
01/26/2026,SOFR,3.66,3.6,3.65,3.74,3.77,3143,,,,,,,,,,,
01/23/2026,EFFR,3.64,3.6,3.63,3.64,3.67,99,3.5,3.75,,,,,,,,,
01/23/2026,OBFR,3.63,3.5,3.62,3.64,3.68,195,,,,,,,,,,,
01/23/2026,TGCR,3.64,3.55,3.63,3.64,3.66,1271,,,,,,,,,,,
01/23/2026,BGCR,3.64,3.57,3.63,3.64,3.69,1305,,,,,,,,,,,
01/23/2026,SOFR,3.65,3.6,3.64,3.72,3.75,3137,,,,,,,,,,,
01/22/2026,EFFR,3.64,3.56,3.63,3.64,3.68,89,3.5,3.75,,,,,,,,,
01/22/2026,OBFR,3.63,3.5,3.62,3.64,3.68,186,,,,,,,,,,,
01/22/2026,TGCR,3.62,3.55,3.62,3.62,3.64,1263,,,,,,,,,,,
01/22/2026,BGCR,3.62,3.55,3.62,3.62,3.68,1290,,,,,,,,,,,
01/22/2026,SOFR,3.64,3.58,3.62,3.71,3.73,3121,,,,,,,,,,,
01/21/2026,EFFR,3.64,3.6,3.63,3.64,3.68,95,3.5,3.75,,,,,,,,,
01/21/2026,OBFR,3.63,3.52,3.63,3.64,3.68,187,,,,,,,,,,,
01/21/2026,TGCR,3.61,3.55,3.61,3.61,3.65,1262,,,,,,,,,,,
01/21/2026,BGCR,3.61,3.55,3.61,3.61,3.67,1289,,,,,,,,,,,
01/21/2026,SOFR,3.63,3.58,3.61,3.7,3.72,3087,,,,,,,,,,,
01/20/2026,EFFR,3.64,3.6,3.63,3.64,3.68,83,3.5,3.75,,,,,,,,,
01/20/2026,OBFR,3.63,3.52,3.63,3.64,3.68,181,,,,,,,,,,,
01/20/2026,TGCR,3.61,3.55,3.61,3.61,3.66,1287,,,,,,,,,,,
01/20/2026,BGCR,3.61,3.55,3.61,3.61,3.67,1311,,,,,,,,,,,
01/20/2026,SOFR,3.64,3.58,3.61,3.7,3.72,3162,,,,,,,,,,,
01/16/2026,EFFR,3.64,3.6,3.63,3.64,3.68,84,3.5,3.75,,,,,,,,,
01/16/2026,OBFR,3.63,3.5,3.63,3.64,3.68,173,,,,,,,,,,,
01/16/2026,TGCR,3.62,3.57,3.62,3.62,3.67,1278,,,,,,,,,,,
01/16/2026,BGCR,3.62,3.57,3.62,3.62,3.68,1310,,,,,,,,,,,
01/16/2026,SOFR,3.65,3.6,3.62,3.71,3.73,3163,,,,,,,,,,,
01/15/2026,EFFR,3.64,3.6,3.63,3.64,3.68,91,3.5,3.75,,,,,,,,,
01/15/2026,OBFR,3.63,3.5,3.62,3.64,3.68,182,,,,,,,,,,,
01/15/2026,TGCR,3.63,3.59,3.63,3.63,3.65,1289,,,,,,,,,,,
01/15/2026,BGCR,3.63,3.59,3.63,3.63,3.7,1315,,,,,,,,,,,
01/15/2026,SOFR,3.66,3.61,3.63,3.72,3.74,3201,,,,,,,,,,,
01/14/2026,EFFR,3.64,3.6,3.63,3.64,3.65,94,3.5,3.75,,,,,,,,,
01/14/2026,OBFR,3.63,3.5,3.63,3.64,3.68,180,,,,,,,,,,,
01/14/2026,TGCR,3.62,3.58,3.62,3.62,3.66,1293,,,,,,,,,,,
01/14/2026,BGCR,3.62,3.58,3.62,3.62,3.67,1328,,,,,,,,,,,
01/14/2026,SOFR,3.64,3.6,3.62,3.71,3.73,3148,,,,,,,,,,,
01/13/2026,EFFR,3.64,3.6,3.63,3.64,3.65,92,3.5,3.75,,,,,,,,,
01/13/2026,OBFR,3.63,3.5,3.63,3.64,3.68,186,,,,,,,,,,,
01/13/2026,TGCR,3.63,3.55,3.63,3.63,3.65,1316,,,,,,,,,,,
01/13/2026,BGCR,3.63,3.55,3.63,3.63,3.69,1343,,,,,,,,,,,
01/13/2026,SOFR,3.65,3.6,3.63,3.71,3.74,3177,,,,,,,,,,,
01/12/2026,EFFR,3.64,3.6,3.63,3.65,3.66,93,3.5,3.75,,,,,,,,,
01/12/2026,OBFR,3.63,3.5,3.63,3.65,3.68,189,,,,,,,,,,,
01/12/2026,TGCR,3.62,3.57,3.62,3.62,3.65,1305,,,,,,,,,,,
01/12/2026,BGCR,3.62,3.57,3.62,3.62,3.69,1330,,,,,,,,,,,
01/12/2026,SOFR,3.64,3.6,3.62,3.71,3.74,3128,,,,,,,,,,,
01/09/2026,EFFR,3.64,3.6,3.63,3.65,3.65,93,3.5,3.75,,,,,,,,,
01/09/2026,OBFR,3.63,3.45,3.62,3.65,3.68,184,,,,,,,,,,,
01/09/2026,TGCR,3.61,3.56,3.61,3.62,3.65,1296,,,,,,,,,,,
01/09/2026,BGCR,3.61,3.56,3.61,3.62,3.68,1323,,,,,,,,,,,
01/09/2026,SOFR,3.64,3.6,3.61,3.71,3.73,3166,,,,,,,,,,,
01/08/2026,EFFR,3.64,3.6,3.63,3.65,3.66,87,3.5,3.75,,,,,,,,,
01/08/2026,OBFR,3.64,3.5,3.62,3.65,3.68,190,,,,,,,,,,,
01/08/2026,TGCR,3.61,3.56,3.61,3.61,3.66,1312,,,,,,,,,,,
01/08/2026,BGCR,3.61,3.56,3.61,3.61,3.68,1343,,,,,,,,,,,
01/08/2026,SOFR,3.64,3.59,3.61,3.7,3.73,3249,,,,,,,,,,,
01/07/2026,EFFR,3.64,3.6,3.63,3.65,3.68,83,3.5,3.75,,,,,,,,,
01/07/2026,OBFR,3.64,3.5,3.63,3.65,3.68,174,,,,,,,,,,,
01/07/2026,TGCR,3.62,3.58,3.62,3.62,3.67,1315,,,,,,,,,,,
01/07/2026,BGCR,3.62,3.58,3.62,3.62,3.69,1348,,,,,,,,,,,
01/07/2026,SOFR,3.65,3.6,3.62,3.72,3.74,3267,,,,,,,,,,,
01/06/2026,EFFR,3.64,3.6,3.63,3.65,3.67,88,3.5,3.75,,,,,,,,,
01/06/2026,OBFR,3.64,3.5,3.63,3.65,3.68,180,,,,,,,,,,,
01/06/2026,TGCR,3.62,3.57,3.62,3.62,3.71,1317,,,,,,,,,,,
01/06/2026,BGCR,3.62,3.57,3.62,3.62,3.71,1354,,,,,,,,,,,
01/06/2026,SOFR,3.66,3.6,3.62,3.71,3.74,3390,,,,,,,,,,,
01/05/2026,EFFR,3.64,3.6,3.64,3.65,3.68,88,3.5,3.75,,,,,,,,,
01/05/2026,OBFR,3.64,3.52,3.63,3.65,3.68,178,,,,,,,,,,,
01/05/2026,TGCR,3.66,3.6,3.66,3.66,3.76,1313,,,,,,,,,,,
01/05/2026,BGCR,3.66,3.6,3.66,3.66,3.76,1348,,,,,,,,,,,
01/05/2026,SOFR,3.7,3.62,3.66,3.76,3.79,3441,,,,,,,,,,,
01/02/2026,EFFR,3.64,3.6,3.63,3.65,3.68,92,3.5,3.75,,,,,,,,,
01/02/2026,OBFR,3.64,3.5,3.63,3.65,3.7,166,,,,,,,,,,,
01/02/2026,TGCR,3.7,3.65,3.7,3.71,3.88,1294,,,,,,,,,,,
01/02/2026,BGCR,3.7,3.65,3.7,3.71,3.88,1337,,,,,,,,,,,
01/02/2026,SOFR,3.75,3.69,3.7,3.81,3.87,3508,,,,,,,,,,,
,,,,,,,,,,,,,,,,,,
